<?xml version="1.0" encoding="UTF-8" ?>
<!DOCTYPE log4j:configuration SYSTEM "log4j.dtd">

<log4j:configuration xmlns:log4j="http://jakarta.apache.org/log4j/">
  
  <appender name="console" class="org.apache.log4j.ConsoleAppender"> 
    <param name="Target" value="System.out"/> 
    <layout class="org.apache.log4j.PatternLayout"> 
      <param name="ConversionPattern" value="%-5p [%c{1}] - %m%n"/> 
    </layout> 
  </appender> 

  <appender name="f" class="org.apache.log4j.FileAppender"> 
    <param name="File" value="error.log"/>
  <!-- <param name="Threshold" value="info"/>  -->  
    <layout class="org.apache.log4j.PatternLayout"> 
      <param name="ConversionPattern" value="%-5p [%c{1}] - %m%n"/> 
    </layout> 
  </appender>
  

  <logger name="com.percussion">
  	<level value="DEBUG"/>
  </logger>
 
  <root> 
    <priority value="INFO" /> 
    <appender-ref ref="console" />
   	<appender-ref ref="f" />
  </root>
  
</log4j:configuration>
